ip_address,MAC Address
242.101.82.237,2F-9D-8D-BF-34-46
82.75.181.198,9C-AA-3E-F1-D0-31
205.74.24.249,58-7C-57-54-00-BD
80.177.61.106,6C-D1-F9-B0-91-69
71.134.242.135,C7-51-E6-1A-0C-93
234.126.87.43,88-A5-71-FC-5B-5E
64.245.75.64,F1-EE-A3-0B-4B-2F
98.204.50.85,84-76-AD-79-09-F2
239.249.67.67,39-EA-69-61-38-C3
174.112.221.224,C7-5C-FA-66-47-D7
178.34.199.240,A5-EF-6D-96-7A-65
109.113.230.244,5C-E2-B3-C4-7E-2E
42.236.43.207,A6-FC-6C-02-01-44
11.191.201.52,D6-DB-37-4F-4F-A5
8.149.150.192,D4-55-F1-77-A1-B2
140.206.102.51,42-FB-19-9A-FD-4B
125.9.213.95,D5-DD-4A-20-B2-F0
40.86.9.207,BB-6B-53-B2-B8-E0
222.184.196.169,22-57-20-49-9D-D2
81.7.129.210,14-85-6A-52-BB-86
78.147.72.141,21-0F-1D-54-CD-09
12.9.104.33,A3-FC-D5-6E-CC-41
107.188.216.133,21-19-C5-E5-12-25
121.46.185.97,57-98-48-7D-CF-9E
182.120.43.209,6E-13-4D-D9-72-F4
92.211.10.34,1E-4D-CF-97-7B-E3
13.179.36.211,3E-5B-42-15-79-D4
66.78.85.255,B1-55-67-39-9F-2D
230.78.186.117,C2-85-E7-98-D1-12
170.86.148.191,ED-92-D6-88-AA-70
209.39.154.149,0B-C3-D5-7B-36-43
79.190.41.232,06-AB-2C-34-52-80
168.29.189.120,4B-31-8E-89-C0-5C
68.244.126.51,BC-98-B8-F7-AD-2C
185.55.217.18,6C-0A-AE-04-03-1B
175.27.79.100,B9-71-EB-37-09-50
96.189.230.41,F3-A5-A3-62-7A-6D
218.3.161.145,BE-55-55-2D-B1-0F
131.12.230.196,C9-39-3F-DC-D1-5E
178.250.142.99,5A-45-AC-F3-53-30
250.187.102.181,DD-35-DC-F1-FD-02
176.91.159.51,59-DB-EB-59-DF-4C
210.93.76.115,A4-A8-37-7B-B5-82
172.231.242.34,3B-A6-23-A2-BD-7A
58.255.173.225,67-7C-86-42-6B-59
246.214.147.83,C8-D0-68-69-D1-2A
68.186.102.232,BD-BA-54-0D-64-56
246.208.121.21,B3-CA-D1-3E-3D-88
236.255.153.189,C1-94-7F-91-E1-AD
55.187.98.248,24-11-34-A4-CD-9F
202.156.90.152,D3-4A-8C-1A-7D-E7
160.6.111.6,55-30-7C-71-B1-ED
66.25.108.68,98-BA-EB-23-D2-F6
159.71.194.229,CF-DC-05-9D-42-AF
124.127.243.56,57-99-24-47-B6-75
133.183.79.218,C1-D5-1D-A4-B8-F2
246.93.235.219,77-65-47-92-98-6A
34.108.245.25,BB-E7-66-C2-83-22
164.149.24.67,EE-AE-9F-25-7D-66
150.99.173.186,E5-8C-6E-43-E2-3B
226.115.144.130,80-3D-C2-D7-70-AE
107.137.243.147,9E-56-B0-19-CC-A2
26.117.105.215,50-1D-D0-3F-CA-5D
219.38.159.185,0A-AF-4B-CA-D6-EC
91.198.101.55,FA-C4-B3-3D-08-85
205.100.52.102,6C-78-1E-61-8C-67
212.161.207.219,B3-C3-F2-44-20-96
244.254.128.127,EB-C2-79-2B-77-8D
242.242.87.61,3D-3B-B7-B0-58-E8
116.109.108.237,39-8A-A0-BC-05-22
195.193.226.168,DD-91-70-C9-18-D0
212.199.98.201,34-30-C4-6D-6E-4F
252.65.179.102,2F-B7-2E-CC-04-31
35.202.3.158,CE-0D-43-4D-E6-D5
29.183.2.154,B3-EA-D3-DB-71-83
195.175.32.167,43-0D-16-D0-AA-43
145.182.36.98,55-E1-1C-BF-E4-D0
44.19.2.26,5F-74-87-0F-6D-94
126.238.237.230,E2-C2-90-7B-F6-49
8.53.21.48,70-B8-8B-C4-4F-A8
109.250.106.179,66-79-1D-10-F7-73
66.159.222.74,AB-10-C8-78-EC-9C
7.92.160.118,92-E8-0A-2F-28-FC
80.204.101.62,A2-0F-56-B2-0E-9C
179.90.105.216,53-1B-73-03-EE-2B
232.189.10.116,A2-20-AF-88-6B-0B
214.78.58.56,F2-6F-CA-D8-CA-C5
21.209.219.11,E7-E5-03-30-D8-89
186.165.52.230,EC-5C-C2-1C-16-56
132.3.90.98,E3-94-B3-F6-39-AE
93.85.63.75,24-FF-92-E3-32-38
115.200.95.41,89-D2-85-B4-C5-66
119.139.206.126,E5-88-BC-48-3F-84
94.204.22.125,BB-8C-4A-6D-40-55
20.232.190.65,41-18-DB-9B-49-1D
145.219.51.13,F3-E3-7F-7F-94-33
63.142.244.5,01-8D-B5-9F-F4-4F
230.40.26.118,AF-C1-E9-81-8D-40
113.123.242.71,BC-9F-AB-ED-78-00
126.45.93.212,CC-A0-C4-8F-6F-5C
102.96.192.188,45-80-00-B8-EA-33
197.206.16.39,B6-DF-78-4A-2C-97
113.51.7.79,26-CD-C5-A3-43-F2
15.128.72.224,BC-3D-43-4E-38-42
51.144.65.167,84-F1-73-4D-3E-CD
85.227.84.4,16-6B-07-B4-B0-B1
9.227.223.87,4B-D5-3E-D1-BD-6A
131.14.13.51,16-E4-88-4E-93-9A
219.251.4.30,8F-BA-CA-E4-D1-69
142.47.43.168,0A-EC-92-B5-9C-E0
145.139.238.251,E3-BF-85-86-7E-0A
206.123.77.220,53-2C-35-EB-3E-44
146.198.139.99,89-7E-E1-B8-36-56
236.58.40.93,5C-21-4D-60-F7-24
181.74.153.249,DC-48-73-4A-85-33
26.124.46.74,FE-9D-4C-7E-39-91
64.49.249.50,B2-E1-A8-0C-F5-72
64.120.127.222,07-57-65-30-CC-63
90.206.238.217,7F-99-0C-B6-CB-E7
251.40.172.48,5A-FB-6D-5D-BF-B5
72.38.56.95,5E-1C-B0-F6-2E-0C
240.9.239.121,1F-A4-D6-99-00-89
150.65.122.186,4A-DE-60-A3-09-69
51.97.64.93,37-8F-BD-EB-A2-56
156.145.136.46,41-47-29-C6-87-9F
59.120.177.255,4F-10-7C-40-9D-34
199.24.245.121,29-18-0B-53-AC-5D
232.139.194.91,46-F1-5A-CD-44-95
56.162.179.121,1D-A6-93-F3-4A-67
117.153.63.121,80-8A-B7-DB-11-DD
143.2.119.96,11-54-CB-A1-AB-73
49.168.244.146,31-FD-54-08-13-98
193.64.188.151,A5-4C-2E-96-ED-00
255.211.133.8,28-7E-7F-54-9C-97
71.30.196.98,4F-DF-0F-DF-B1-7C
165.167.158.223,C9-D1-5B-B9-FA-49
3.247.195.59,21-E6-A4-6B-E1-46
37.11.149.217,42-CD-AF-80-09-51
1.31.72.231,C1-39-42-E5-47-BC
23.208.35.84,79-EE-F9-C8-73-C6
229.26.162.16,CA-13-72-B0-1B-A2
190.30.98.223,20-7C-70-D8-EC-76
138.90.143.37,C9-3F-2A-C0-1F-C7
114.233.15.196,1D-87-C8-94-C2-4E
135.49.117.192,7F-2C-A4-CB-A3-7C
114.220.172.31,4C-BA-15-B5-F9-55
163.128.2.238,39-3D-DA-8C-56-A0
128.200.156.183,67-8F-37-D9-5E-1D
235.143.142.159,7C-DA-E9-CC-D1-17
255.52.26.33,EC-8F-78-41-C7-BC
158.96.67.70,6A-72-FA-7C-C0-97
41.2.19.118,8C-03-0D-EA-A5-53
43.252.236.195,03-65-97-02-79-88
3.92.12.193,7F-D3-D8-06-1A-B9
194.119.102.126,21-F9-9D-36-2F-7E
70.113.194.43,67-E1-CF-5A-D4-C1
18.140.175.124,77-76-56-0E-E8-79
174.235.137.223,88-44-0E-40-EE-60
14.195.156.81,B5-F1-87-23-F4-13
50.130.148.35,D6-FD-50-C0-0B-EF
44.192.213.145,57-EA-78-C0-7F-D0
201.134.249.72,03-A9-D5-51-30-26
16.144.204.160,3F-F7-15-25-74-65
160.168.111.177,25-ED-38-3F-05-68
24.133.221.108,D4-C9-BE-5E-C9-A7
42.161.101.141,72-6B-56-18-F2-B0
85.23.212.232,07-85-F2-56-81-E4
253.49.61.81,CB-B7-F4-DF-3C-48
205.20.175.253,E3-60-FB-F9-61-C7
223.87.183.210,78-E2-14-A2-13-20
200.239.134.204,97-2F-D1-AC-D5-A8
245.148.204.64,A6-29-07-D6-CF-1A
123.72.99.139,0E-5B-A2-B6-09-B3
15.16.79.149,5D-AA-5D-EF-C2-40
36.232.166.163,8A-2E-72-C4-30-0F
106.232.23.206,A2-DA-73-B2-D5-2F
206.166.8.241,27-67-17-FA-1B-6A
147.191.2.220,05-BC-AA-5A-5A-3D
203.198.95.43,BA-F8-1E-40-08-84
124.204.159.127,F2-43-2A-30-CF-2A
87.205.253.196,BA-90-93-61-64-B4
235.106.3.181,F5-3F-B1-EB-D3-0B
33.202.74.176,87-3E-72-22-01-69
225.58.54.204,20-7B-66-52-E3-B8
103.218.55.199,5C-4E-E4-2A-0F-9B
95.152.203.188,5D-21-10-67-64-E2
218.229.229.220,61-6B-55-90-17-EC
73.6.229.221,FA-B8-DA-A4-9C-DD
240.146.236.125,BC-9B-58-ED-DE-F7
111.149.47.197,CD-91-0E-E5-48-9E
14.93.220.233,19-43-8A-59-9A-03
2.215.197.236,C0-AA-59-73-4A-F0
28.202.137.79,F3-B3-1D-C0-C4-1D
123.170.123.221,22-76-19-98-9C-9C
241.86.147.97,B5-57-39-80-4B-C1
16.171.209.55,36-2C-F2-95-22-80
194.233.203.53,29-03-9B-C8-27-EA
209.76.228.253,D5-F7-52-E9-CB-DB
121.204.88.3,D7-33-17-1F-BF-47
165.81.115.64,AC-E5-15-AB-A3-A1
208.116.178.17,E4-BE-64-2A-55-AA
16.118.3.141,2B-91-82-CC-77-CE
207.16.252.177,D1-24-77-E7-FE-DE
194.165.183.216,23-F2-A9-96-3B-56
40.131.169.239,5B-7E-B6-17-89-6A
118.49.65.151,A9-B6-10-1D-EC-37
81.186.195.208,B2-9A-7B-D1-D1-55
243.110.18.166,F2-67-EF-80-2D-54
32.141.173.187,8A-F0-B5-5A-AF-C7
128.195.205.74,5A-65-E2-B8-CB-2C
240.107.20.8,22-1B-73-52-04-75
15.0.76.91,E7-4E-B9-E7-F7-67
135.196.137.180,14-0C-BC-12-A0-54
70.178.164.123,C2-7A-02-74-14-14
52.44.161.219,CB-B4-6F-8E-A3-1B
12.163.45.222,82-C1-0B-3E-78-8D
243.244.212.100,58-F4-37-B3-3A-D7
37.251.79.112,15-41-FF-A2-C1-A6
202.167.255.20,EB-34-D8-DC-66-81
73.125.175.58,41-5E-80-E8-EE-95
229.102.21.120,4E-A3-6C-E9-FB-F1
36.199.173.148,59-B1-57-F8-F3-DA
247.93.87.77,95-D0-5E-D5-CE-7F
253.162.184.81,96-64-1A-2D-1A-D9
115.46.45.248,4A-4D-3E-40-62-72
154.231.122.211,01-7C-72-D7-C3-54
244.246.60.202,E4-EF-FE-89-65-5F
1.148.128.192,43-C7-6E-3D-0B-F1
158.251.129.145,3A-D3-02-6F-8E-D6
224.124.191.182,06-5A-20-35-68-3A
155.35.189.75,0F-43-C0-CD-10-F2
183.251.214.67,E7-27-79-13-A7-CE
148.202.125.91,BE-B7-D1-D1-26-77
154.19.189.110,5A-67-C6-5C-46-1A
134.177.103.153,3B-0D-9F-43-FB-8B
22.149.81.124,99-A1-47-78-4F-9A
143.141.4.10,1E-07-30-20-BA-B1
101.164.22.87,51-CB-92-3C-83-A0
61.241.3.250,C3-92-7A-44-A1-50
233.91.96.234,00-83-7D-6B-30-47
136.119.249.252,FC-D7-AB-56-65-C4
87.244.204.10,BD-A6-B8-EC-CD-4A
39.185.139.198,F1-29-F9-B7-3F-57
225.240.254.45,B9-BC-6D-03-D2-10
190.215.7.249,0B-C5-46-F3-B1-C4
52.46.205.196,16-27-36-88-AB-D0
10.29.215.47,A6-CB-EA-EB-A1-BB
192.221.159.145,B6-FA-01-05-F9-45
71.61.32.204,E6-06-C8-90-1B-BD
52.180.6.187,DF-97-30-E2-2A-3C
139.153.87.76,E6-0C-0A-B2-64-60
135.96.100.222,66-2C-08-17-EA-13
181.224.24.68,01-DE-66-60-FD-C1
249.246.9.159,DE-71-12-1E-D1-72
252.194.63.255,82-2B-20-01-4E-EF
170.6.51.142,2C-61-7A-1F-64-0E
160.165.181.13,0A-B5-F9-E2-FE-BE
79.226.210.149,C5-19-F9-84-57-EE
140.88.128.21,AB-98-12-31-21-F2
170.249.115.45,29-57-02-3C-58-F0
3.208.15.117,39-84-BF-1A-60-92
47.138.161.146,47-03-7A-03-AF-32
239.219.195.172,D4-96-B7-18-E2-0E
7.221.92.133,CB-E7-3C-51-22-12
38.130.185.3,6E-10-F0-FA-8C-34
7.211.120.135,3E-F6-49-90-61-EB
147.84.64.193,94-04-06-64-06-17
80.23.132.120,05-70-27-1E-E4-F5
177.192.214.47,9D-E2-92-DA-7E-A5
103.238.241.121,61-AC-64-49-EB-6E
55.11.98.82,15-8F-B3-7F-DE-1B
203.164.213.129,0B-3C-36-4F-92-7B
165.2.222.64,DA-BB-DB-BA-A5-11
97.239.72.190,63-76-79-2E-E5-1A
146.76.178.101,21-B2-E3-24-4E-CE
158.188.166.8,53-93-EB-4D-0B-53
4.126.138.212,C7-57-81-B9-94-DF
161.160.94.76,2B-21-5A-39-2F-FC
242.92.174.199,ED-AC-03-62-7A-02
250.10.90.103,A0-6F-17-18-3D-32
158.225.209.1,8E-12-4F-6E-9B-31
184.159.200.15,F7-95-A7-31-73-46
69.211.80.154,CC-71-B1-58-15-31
204.132.88.179,A6-44-E3-37-E6-1D
167.154.50.245,71-0B-89-9E-2F-87
31.247.235.74,CD-32-C0-10-A8-CB
3.89.93.7,31-77-20-32-5C-A8
238.210.8.235,00-2E-CA-88-2A-74
53.17.170.196,FC-7C-3C-27-02-09
213.8.73.71,FC-C4-EC-34-7C-26
227.66.189.125,E0-E6-90-FD-2D-88
114.5.67.56,48-34-AF-22-85-47
215.87.184.167,58-B9-CF-44-D4-78
118.3.12.166,54-D4-9B-8B-E8-FF
177.95.73.149,7A-C9-BE-D3-12-41
207.54.202.82,D6-65-1A-63-58-C3
35.95.3.78,9D-92-F4-6A-D1-5E
158.141.94.198,7B-3E-99-C7-3A-81
145.83.127.243,AF-5D-E5-F7-FB-89
228.70.109.247,2F-90-82-BA-D5-C5
205.31.182.224,03-73-45-58-91-18
70.78.5.132,B6-4A-B4-C7-B2-42
159.53.73.169,66-4C-17-4E-91-33
255.50.156.154,31-5A-72-A5-25-D6
119.230.47.168,5F-78-B8-A1-9D-61
83.72.52.127,66-3D-8F-1A-58-F5
206.120.28.179,A5-61-A0-2D-C6-37
71.76.142.117,80-14-EA-CA-3F-2B
118.53.203.116,7E-65-6D-C2-E1-84
45.235.214.241,93-71-BB-B7-9A-90
91.77.77.65,A8-E5-09-5C-1E-A8
185.232.182.214,95-FD-B6-75-74-1F
33.230.202.179,3F-BD-31-DF-00-74
80.85.143.224,92-E9-9A-4F-23-DD
141.180.15.217,3E-25-BE-4F-6F-76
32.195.191.42,B5-C7-CB-44-66-26
87.33.25.254,A1-55-FB-0F-29-89
160.112.77.222,C1-06-8A-E8-BE-AB
60.186.10.178,D8-39-60-73-36-33
252.173.114.119,9A-B2-2D-BB-E0-7A
255.160.38.92,AE-E5-17-13-E7-8D
122.223.124.133,D9-7A-CA-CE-36-F9
147.30.89.139,9C-1C-B7-BF-95-85
228.34.251.104,75-7B-BF-00-EE-26
133.130.137.172,36-56-71-1C-A8-16
170.81.195.223,A7-32-0F-5C-34-D4
242.112.129.34,7E-05-DC-B4-74-CC
8.125.21.106,00-E7-F0-A4-5F-B7
56.239.42.73,DD-F2-B2-44-9B-7B
253.196.55.117,93-06-73-60-3F-D5
29.222.211.97,66-97-33-38-09-88
1.181.43.114,3A-ED-55-5F-DA-89
231.16.145.22,0D-AD-C0-C8-19-CD
162.26.140.38,1C-6A-CB-03-EC-1A
140.18.167.185,79-F0-C2-10-7E-1D
113.21.223.208,D9-25-93-6B-8D-C8
39.98.181.24,76-55-3E-ED-15-A4
190.232.156.219,B5-25-3E-5D-4F-06
240.185.119.115,82-95-4D-CE-B9-64
232.213.90.252,E5-FD-79-AD-12-B1
33.47.234.26,5A-5B-19-06-B6-0A
118.104.154.41,7D-2A-7C-A3-B3-CF
47.117.80.136,4D-87-7F-3B-C0-AC
172.21.37.14,47-08-32-24-DF-7D
44.46.29.170,8B-CA-25-0A-3D-48
23.5.118.66,2F-C5-E3-AE-DC-82
2.106.52.18,62-7A-96-C4-E2-CF
175.1.184.168,EC-5E-05-B7-CB-9F
111.98.75.252,A0-45-C5-4B-97-BF
135.58.67.87,D7-AE-E0-87-A4-1B
43.208.88.90,BF-4B-76-51-EA-01
95.89.252.80,7D-43-12-C3-F9-DA
49.33.103.137,51-4A-37-44-48-51
150.201.98.27,20-79-B8-FC-4A-FE
35.141.119.71,57-38-21-1B-27-F7
79.45.1.55,D5-D2-DB-CF-D1-D5
197.29.74.200,8D-AC-4D-00-D2-05
73.163.122.145,20-25-A5-23-13-F2
67.110.187.86,D5-95-53-E2-75-13
151.13.121.200,3A-3F-2D-C3-BD-EE
138.171.150.187,42-FB-EB-CA-A0-62
132.81.1.189,DE-83-B5-47-2E-57
39.26.255.190,93-A4-F1-ED-99-FD
92.44.217.138,9B-70-85-ED-1E-C8
101.46.236.209,9F-23-98-D4-AE-73
156.59.142.224,AF-E0-98-D0-FD-81
3.170.102.37,3A-64-FA-27-B6-77
99.78.51.191,11-8C-69-9C-23-67
106.114.116.170,59-23-EE-CD-56-60
174.53.66.47,EE-38-7D-82-43-39
30.130.56.33,EF-C7-CF-FE-4B-24
56.71.200.247,C9-1D-40-AD-8B-3F
101.99.41.198,D0-4B-DE-6A-1F-49
63.203.224.243,D3-C1-8E-6C-10-29
105.229.51.149,2D-17-4D-2C-E6-A1
229.191.125.15,69-5C-6C-92-0F-52
172.47.61.102,53-4C-F5-37-96-4A
175.178.17.199,5E-7A-8E-12-95-AD
173.14.148.39,D1-1C-64-CF-6B-9D
168.22.23.46,93-80-4D-69-F0-E2
70.71.14.156,D2-ED-F6-9A-06-47
123.141.55.131,95-8E-93-05-2E-D8
170.7.77.241,62-F3-D5-14-03-48
216.219.137.110,A3-8D-17-A5-28-B8
170.243.37.193,9B-BA-D1-EC-73-F8
59.215.51.194,A4-91-6F-0C-EA-17
186.14.200.189,D1-C2-CD-CB-F2-BA
2.228.188.219,CA-62-79-F2-8D-B9
66.117.8.111,51-1F-5A-10-16-B5
22.93.228.73,EA-E9-83-97-51-81
51.101.124.235,37-F1-9F-F3-84-75
26.223.234.186,37-37-23-8D-E9-65
72.133.215.29,68-D2-0C-AF-F1-CC
219.92.88.157,C9-A0-A3-53-45-98
80.211.225.149,A3-96-F5-4F-00-4D
18.252.111.11,AB-CB-2A-2A-D2-78
137.156.247.114,97-AD-6B-A3-3C-45
147.89.23.12,C5-9F-BF-03-69-96
132.235.250.57,E0-FA-47-8D-B6-85
207.27.196.87,EC-86-F0-8E-E6-B8
197.189.94.57,92-88-95-34-1D-62
35.143.199.66,21-5F-BB-BD-7B-72
239.49.162.43,F9-62-BA-70-6A-E7
150.253.57.145,22-90-09-F9-DD-6E
19.99.142.17,8A-BD-B0-BE-93-4E
71.6.164.90,EA-5A-06-E2-6D-4E
39.234.168.245,05-35-9B-12-60-75
92.142.7.160,5F-57-7E-FD-B9-27
199.20.166.241,3A-6D-6C-3F-5F-DA
187.36.108.41,D7-9D-C0-01-E1-3C
29.88.52.73,05-9F-80-94-0A-A0
24.175.154.172,3A-D8-EB-AA-DC-51
113.140.2.79,D4-19-0E-85-89-F3
159.48.84.107,D6-07-B6-35-FA-B5
45.177.146.119,1D-8F-40-DF-E2-8A
18.101.178.146,6C-04-2C-A2-32-AD
234.170.19.190,5D-94-D9-AB-6A-E0
123.204.20.138,8D-1E-27-D4-5F-CE
90.3.42.123,D1-84-63-C9-64-13
213.214.36.243,3B-DC-08-94-BA-18
44.126.159.192,1B-7B-4B-D2-20-52
233.57.173.162,12-23-D3-7A-A1-2D
250.110.236.37,0B-1A-8C-45-BA-D8
109.247.187.184,D9-18-D4-45-C6-63
165.35.100.192,33-DD-37-F4-37-3E
206.97.18.173,4F-89-80-0B-52-FC
105.167.250.141,06-C8-60-43-9B-35
228.116.192.142,6B-1A-C2-8B-21-E9
21.168.227.100,8B-2A-D3-D3-EC-42
197.223.235.144,07-9F-14-D7-0C-58
13.154.244.46,65-72-8D-83-40-33
76.218.132.37,F8-50-D1-F7-60-19
146.170.133.223,5A-CB-60-E5-BD-E7
73.241.130.194,62-B6-73-48-AD-4A
103.209.235.171,FA-E5-D3-5B-72-52
221.109.27.169,B9-F4-78-B8-B0-F2
39.161.234.175,62-EC-6D-F0-D3-7D
118.186.175.83,B6-E8-66-B4-45-EF
69.164.231.190,29-0D-E3-E3-8F-5B
103.153.140.154,54-D0-E1-30-7C-6A
83.64.57.118,23-59-71-10-7D-F4
236.23.165.183,99-04-E2-5F-AA-C9
187.9.27.75,A9-78-A7-99-7A-D7
81.230.230.32,1E-FE-F2-9B-C4-72
247.33.183.209,15-17-98-A6-38-7A
235.128.196.199,07-E1-EC-7E-42-15
217.107.27.58,E6-F9-D6-32-E2-D6
97.10.201.75,C4-57-DF-AB-C0-12
172.141.252.182,29-6F-8C-31-1E-62
10.202.241.189,6F-7F-74-B9-24-82
8.249.184.205,FB-A0-9E-8D-1E-2C
171.133.109.252,96-1B-55-8B-54-98
229.87.97.98,42-17-5E-72-6B-FE
20.10.187.213,4A-A8-6B-8B-DE-F1
226.198.72.140,B1-39-9F-79-5A-79
249.100.8.252,4E-63-D7-81-33-52
15.102.179.141,F8-95-3D-3A-78-19
149.231.137.4,04-62-D0-07-08-55
225.182.151.21,B9-E9-6B-DE-C0-0D
163.134.56.125,36-EB-53-3F-70-D3
71.142.82.19,07-FE-EC-C5-81-54
72.153.244.14,E7-D0-31-F2-46-8B
195.138.120.221,5F-49-3E-91-A3-5C
151.141.1.163,0F-16-F4-0B-BA-97
169.46.156.180,29-D2-EA-95-2C-0E
21.184.95.250,A6-2E-8E-9D-FC-04
186.194.31.209,6B-82-E8-62-3F-42
74.1.229.234,D3-17-89-31-5F-59
44.184.91.95,3F-2E-DB-D8-0E-E2
182.205.149.215,B7-82-F2-D6-E9-84
107.47.174.6,5F-FA-37-3E-60-60
144.167.223.68,B2-C2-12-63-22-40
98.211.114.100,7A-09-E0-2E-D0-D2
182.156.197.16,11-AD-D7-3E-07-AA
32.51.167.77,BB-78-60-91-1F-9E
235.58.233.70,8C-E9-64-31-F2-8A
61.151.156.236,E7-0A-50-1C-7C-5E
46.25.174.151,B1-E1-F5-15-26-2F
139.246.216.246,FE-64-84-2B-B9-43
107.239.231.228,51-BB-3D-1B-2F-81
241.173.142.151,50-88-3B-6C-73-1A
227.48.71.50,67-63-3A-D7-F2-7D
126.35.17.223,7E-1D-3A-67-0B-76
84.4.132.227,A2-50-CC-19-85-33
152.57.26.45,CC-1E-99-45-6C-67
237.88.72.43,8D-DF-E2-94-15-94
119.216.148.149,6F-48-75-A2-0A-CF
135.218.62.155,31-B8-93-A5-9C-B2
113.22.206.157,4C-E9-1B-E1-20-4A
195.197.171.189,2C-FA-23-BF-62-36
211.119.151.225,C2-7E-B6-A9-9B-C8
140.218.150.19,16-3D-7B-F3-DD-A0
60.47.186.206,A6-5D-DD-90-E5-72
43.59.54.134,EA-6E-9A-1A-8C-AD
186.245.103.143,AA-7C-86-F7-98-F1
13.244.34.241,E5-7A-39-54-C4-7D
137.185.232.41,E5-80-09-EA-EA-D0
38.64.5.45,30-0E-EF-6B-E0-A7
238.212.102.69,36-E9-A9-B9-15-BC
225.15.66.148,15-0A-61-9D-F6-88
86.128.73.130,DF-AC-BA-DD-B6-73
175.44.140.6,E9-4C-54-7C-37-BA
201.87.150.164,FD-96-0E-71-26-E5
42.92.251.97,87-D6-32-E7-0D-71
188.82.30.133,A1-18-70-24-BB-D0
79.106.170.146,7F-0E-A6-26-57-19
225.130.43.167,18-87-8E-18-6F-DE
208.52.42.222,61-70-85-1F-4B-E0
175.203.150.125,2C-E9-B8-9D-FF-98
29.123.9.149,02-69-96-BC-41-A7
51.136.203.248,5B-62-35-42-A1-5F
254.100.219.56,75-FA-BF-8E-EF-39
129.42.72.29,BD-00-51-64-24-34
76.197.148.221,85-B3-1A-5F-84-27
42.14.94.160,5F-68-30-9C-C4-5E
244.53.143.251,52-C4-9F-E2-15-41
95.26.27.184,A1-6B-FA-07-24-47
13.209.237.74,FB-F5-9B-06-A2-2D
1.171.138.69,21-1A-5F-AC-10-24
193.175.166.231,8F-48-06-8C-8A-18
168.235.142.243,37-95-62-63-88-86
57.58.193.36,66-FD-75-5A-AD-C9
97.4.129.129,D0-3F-37-C8-81-BD
237.234.188.49,19-0F-2B-9B-30-6F
222.249.36.213,B9-F5-68-14-6F-B5
87.11.67.248,A1-C1-AF-ED-DA-EF
37.39.138.161,90-F3-CF-AE-BD-82
6.235.66.233,1D-3D-3D-00-46-03
174.230.74.106,DA-7D-88-A9-D6-CF
239.42.10.35,33-12-DD-AA-11-3C
249.240.127.123,5B-33-F1-DA-5E-3C
151.125.165.39,DE-F4-AD-FC-CD-78
157.22.52.150,31-14-2F-96-8C-85
112.181.151.125,4D-10-C9-7D-09-F2
103.1.94.64,08-0F-62-98-6B-92
186.244.108.112,F6-EB-F9-04-8E-58
160.194.195.131,3F-7B-76-1F-90-A8
79.116.177.170,AF-D8-32-3C-F5-05
94.199.93.240,A9-1E-75-85-66-FB
224.14.240.116,DD-75-09-40-A5-F5
5.172.219.0,A0-14-1D-FE-48-2F
157.165.107.200,F6-CA-B0-30-FB-06
172.46.102.11,B9-35-21-09-41-2A
15.112.128.226,2B-C9-72-F9-73-84
230.223.237.196,C0-E5-F5-EF-D7-95
14.57.13.87,E2-CA-EF-4A-3D-20
172.16.46.165,DE-6F-B6-E0-02-D4
212.136.11.83,E8-F1-53-7E-6B-81
114.71.96.195,A6-62-6C-17-43-54
9.253.164.211,A4-4C-C4-A5-96-4D
200.81.228.86,C4-63-60-53-B4-63
80.58.166.73,B1-FE-7F-8D-65-FA
237.230.143.42,51-4A-0B-49-92-00
171.153.5.200,FC-1D-DD-3A-BB-7B
88.180.209.30,4D-63-B8-31-9A-CF
107.9.164.248,98-5A-D0-FB-88-E8
233.179.190.92,85-10-07-A9-A5-CC
164.182.196.68,98-FF-65-CA-81-1F
13.227.219.80,70-0C-E3-C1-44-0F
153.234.61.112,66-28-13-7A-26-87
188.229.3.152,DE-A5-84-C6-E9-49
203.126.157.169,F2-DC-95-83-D3-64
16.226.9.180,C8-19-11-42-87-60
138.229.182.155,8F-07-F9-A3-09-B7
44.177.108.194,F1-97-2D-83-75-68
215.25.183.71,DB-19-70-81-18-5B
16.35.59.203,27-3A-C2-E8-0E-91
23.128.162.98,DB-78-69-BE-61-85
149.213.249.84,C9-36-14-D2-7B-16
215.184.100.5,E0-E7-25-88-90-6C
74.214.224.155,BB-D5-02-52-CC-18
43.199.33.137,9B-1C-05-2C-3B-BB
30.76.232.141,37-38-D0-36-6E-39
241.115.140.156,D1-97-B3-42-A7-F8
160.42.217.228,8C-2D-BD-C0-F6-28
138.76.33.181,28-A4-67-88-D1-D8
45.48.215.169,AD-EA-17-D6-B6-DA
178.206.242.200,37-77-90-11-7E-43
1.235.194.8,E2-C6-91-E6-0C-17
216.128.165.167,90-BC-B8-AD-1B-2E
198.31.43.74,DD-06-CC-55-2F-7C
3.131.204.194,CF-B4-C0-44-5B-0E
219.109.136.74,82-C2-50-CF-9B-C1
0.106.88.220,5F-12-02-32-CE-31
69.220.93.75,C3-88-65-85-BD-F5
30.184.23.98,43-22-66-68-B1-D4
9.241.16.143,9F-5E-1A-FA-1C-64
140.196.36.230,F4-C7-5E-E8-85-53
140.224.113.172,31-D5-75-C2-CC-7A
142.224.185.91,95-F9-E9-0A-AB-CA
21.224.102.121,F4-C9-5D-4B-AC-F6
38.117.166.226,78-0D-0E-78-AE-2F
62.60.51.208,EF-04-96-B7-F6-B3
166.26.169.174,22-65-62-33-7A-23
150.238.94.113,6F-D9-58-94-16-32
126.230.154.88,90-25-8A-C6-43-6A
126.5.140.246,C5-97-00-54-BB-F7
231.5.140.187,E3-7A-3E-F3-5E-5A
78.110.169.38,CD-1E-7B-25-4D-23
253.208.118.152,3A-D9-5B-BB-DA-97
93.143.129.193,6D-1A-77-7F-84-05
44.121.185.217,A1-61-AA-A5-23-98
23.216.236.65,03-34-B9-A9-80-4B
152.252.52.182,FD-20-24-5D-B6-76
134.171.125.82,42-B7-3A-CB-1F-D4
130.62.146.189,1F-B8-27-E8-05-7D
182.167.117.26,4B-4E-32-D3-40-08
250.168.182.45,84-FF-BD-D6-88-C7
233.60.17.96,D7-00-38-96-E1-62
94.84.170.251,0F-CD-67-2A-D5-34
237.180.86.74,49-A6-44-71-F0-E3
147.141.84.23,3D-1E-6A-9A-59-56
56.24.167.96,B8-73-AA-AF-E3-16
218.89.65.117,AD-0F-8D-13-2D-D0
209.127.166.148,7D-EC-5B-97-A2-E1
254.211.213.142,B9-46-25-0D-86-01
138.17.216.42,26-A1-3C-C7-04-53
117.214.26.240,F6-92-74-8F-97-A9
78.242.6.143,5D-2A-D0-13-F2-8A
142.149.203.124,F3-6B-E6-67-3F-BC
173.40.2.60,C5-A4-07-3D-C5-9E
56.146.127.30,E7-1F-88-40-3B-F6
244.94.42.2,F5-0C-AA-C6-52-11
108.25.214.72,C0-BD-6B-B6-A5-1A
38.11.37.45,6B-A6-0B-7B-EC-F4
209.10.244.130,AD-06-36-ED-18-08
12.175.171.94,86-AB-FC-2A-B6-03
89.133.152.120,80-C5-B2-86-56-31
156.202.175.113,5B-35-52-F7-25-92
113.133.107.77,56-80-AD-E5-E4-80
30.197.179.22,82-24-50-DB-91-D9
70.102.123.214,C1-6A-D0-7F-84-9D
202.252.191.69,05-CA-B0-B6-5F-D2
25.23.245.187,FE-AD-FD-C9-36-38
229.38.96.9,3A-95-A1-10-2C-40
216.11.70.42,CF-42-A1-74-2A-0F
114.226.178.188,67-E0-D2-7C-54-E1
51.196.214.164,23-62-16-4D-C6-B9
49.244.230.137,01-7E-A7-56-0C-8A
32.40.167.97,9E-DB-B1-BD-2E-D9
4.250.205.160,0D-3A-3B-75-7F-90
42.192.27.108,B8-8F-2B-F9-C5-62
87.224.33.255,E7-E0-FF-69-B0-67
190.140.50.28,6F-0F-2B-D2-86-20
50.47.93.225,23-9C-59-4C-CF-2F
30.139.5.166,AE-BB-33-63-06-52
202.147.71.209,2D-69-55-7D-AE-4A
226.211.187.221,CF-CE-61-E8-FE-2A
29.26.29.34,B3-2C-D4-C0-86-BD
62.245.216.93,9E-66-14-24-EA-B9
34.231.252.50,2B-BA-1A-8D-D0-A2
125.201.30.205,70-65-FE-92-75-30
36.14.87.181,01-AC-AC-3C-D0-D6
96.187.180.1,58-89-02-4D-D8-8C
150.59.101.173,C2-7C-70-1E-62-C2
194.184.248.233,0B-C0-98-10-BF-8D
178.167.67.127,9C-AE-3F-A9-68-A0
35.133.154.213,74-3F-6B-1B-71-A6
226.176.172.86,A2-FC-66-26-14-AB
73.247.219.45,68-E3-6A-55-3B-AB
89.228.234.188,DB-91-33-B1-B5-CD
140.57.175.115,62-9F-7D-76-C8-F8
253.127.161.31,72-3E-47-25-9D-D7
176.76.121.179,46-60-62-8F-51-76
249.110.170.112,8A-E6-C5-F4-ED-F6
90.28.57.119,05-C3-AE-AB-15-D1
51.74.158.1,F3-82-9A-40-5F-43
153.74.105.90,48-A5-D7-F6-F1-29
252.218.37.44,23-A4-FB-EB-91-A1
78.126.180.224,6B-02-C2-77-97-9E
231.182.209.40,96-27-17-99-11-34
221.172.86.157,BA-14-63-15-37-B5
112.253.54.215,54-06-1F-E8-98-59
47.24.151.184,14-78-F2-2B-49-21
20.217.177.172,F4-39-AE-40-6C-80
12.40.124.121,7F-53-FE-6A-E5-3E
203.126.159.3,4C-1A-7D-78-92-41
152.252.85.227,90-64-44-13-4B-F0
201.184.245.208,A4-BB-25-8F-C3-EA
206.100.14.251,00-46-DC-F6-3F-B5
159.83.138.188,24-4B-D3-14-DC-2F
150.68.200.188,A7-E3-B6-A9-83-70
213.68.61.27,D2-3F-CB-06-5D-F6
173.114.121.27,18-86-B6-FC-18-63
55.72.204.219,96-54-78-0A-CA-E3
52.218.129.183,BD-97-38-B8-D8-61
197.139.45.158,7B-7B-3B-E0-68-FC
178.14.46.102,C1-DE-50-80-0A-D3
48.81.170.97,83-E3-9E-B0-22-5C
232.91.27.163,7F-93-84-BC-58-FA
29.255.147.166,36-30-1F-AF-3E-52
124.104.70.159,00-8F-79-5C-E1-46
146.179.19.123,C1-F0-FC-A3-EA-ED
60.126.204.119,22-7D-C0-B3-59-F2
230.183.135.129,4F-84-D4-72-F0-B8
144.157.131.14,A6-2F-70-4D-E5-5C
33.229.160.17,FA-03-09-7E-16-6E
54.104.203.132,25-9D-2B-0B-27-5A
28.41.110.115,1F-7C-C0-2F-A6-0F
187.182.51.234,E0-FE-38-C6-99-63
128.3.236.238,3A-98-39-B2-FC-54
23.100.89.219,1A-B5-57-C6-EA-98
17.204.3.92,80-E1-AB-63-DA-BC
217.153.238.44,6D-1E-ED-E1-D6-BD
120.115.157.25,56-A1-A0-EF-5D-5B
244.208.37.156,18-DE-77-E3-CF-7E
26.180.4.53,EE-65-6A-D4-A8-59
93.111.186.160,8B-9D-06-B3-2B-55
93.196.174.83,7B-C1-38-E5-46-DF
242.239.70.141,82-97-7C-F9-8E-70
194.171.245.208,B6-E4-0C-5C-C5-6F
232.15.237.129,85-D0-7A-29-FD-B5
87.122.48.5,14-56-8E-35-70-52
164.57.92.105,45-13-06-2C-9E-46
156.211.219.179,2F-BC-FF-1D-D8-32
67.111.121.254,B1-98-03-32-27-B8
13.66.63.66,81-5C-87-4A-CD-7B
63.112.167.247,D3-0E-B5-43-08-1B
161.25.39.93,DC-6D-E0-3B-D9-19
249.55.36.107,EB-D8-64-B4-56-88
56.38.117.140,E8-5D-D2-21-EB-66
105.195.189.208,F8-27-E7-9B-DE-1E
164.27.27.63,D0-8A-10-DB-01-97
99.96.111.215,F6-1D-54-21-5C-4D
94.196.219.195,90-76-E1-2E-E8-D5
244.154.172.71,86-AC-8C-75-EE-2D
158.21.49.192,01-EA-F0-59-E7-CC
49.223.148.165,A7-47-AA-0C-49-66
1.238.88.166,3A-81-48-58-68-03
55.212.218.219,B4-E0-5F-4D-1B-18
36.104.189.61,2D-1E-98-5B-DD-36
124.26.63.61,6E-28-08-DC-B1-EC
138.249.186.80,9B-70-2F-3D-9C-5D
96.64.18.44,67-D1-51-CA-66-D1
83.216.241.129,3A-6C-2F-7B-C6-65
38.107.99.187,71-EE-71-ED-26-5B
98.231.209.232,8D-EE-2C-87-CD-39
219.20.30.244,10-84-6E-D6-79-81
44.211.53.207,A5-99-7E-05-B8-9E
219.24.251.58,DE-E7-FA-DA-1F-5A
63.183.128.131,BF-C8-30-D2-C4-FB
200.225.65.48,C3-9A-C0-DF-30-AC
106.194.114.13,F7-D3-4E-3B-43-FB
242.214.222.24,BC-2B-29-99-B7-C4
123.149.171.186,2B-76-47-A5-AA-2B
124.218.117.160,2A-CB-79-B4-86-AC
180.85.70.250,C1-F8-77-B6-E6-66
217.83.70.137,6E-9A-DD-22-05-5E
63.23.89.247,DC-0E-FF-63-1F-DF
28.48.68.237,82-1E-F6-D4-7E-78
141.27.89.75,AB-9F-DD-97-5A-22
15.150.39.160,27-0B-A3-C4-E5-4E
15.26.70.103,A7-27-3D-C2-4C-FF
125.237.64.224,E9-52-85-F2-1D-21
158.167.26.209,27-D3-91-FE-6D-F1
121.90.212.248,CE-03-D6-63-BD-28
131.89.68.62,51-CC-4A-88-E8-C1
116.40.115.33,C3-98-DD-E2-6F-92
94.105.241.140,7D-09-79-7E-94-71
63.0.245.32,38-D2-A0-44-4B-4A
51.145.141.125,6C-6A-26-10-79-97
20.180.62.19,9E-90-6F-33-EE-7A
76.249.207.93,0F-60-40-50-5F-FE
118.68.44.223,D1-07-EE-FF-47-36
66.40.24.222,30-C8-24-85-1B-44
110.184.3.161,35-14-7F-AE-C4-2D
10.104.206.249,E5-01-B2-B2-C9-4F
220.140.90.232,9D-46-D5-A1-18-2A
78.130.236.181,73-6D-80-54-31-7F
220.61.64.228,01-ED-53-F2-88-62
246.173.153.171,E9-19-60-C4-55-C9
123.135.168.154,14-17-F3-63-3C-D2
195.102.149.103,7F-A5-0A-DB-6C-F5
80.39.187.26,BE-60-36-59-77-7E
17.192.62.136,7E-82-34-6C-7B-6F
242.27.171.23,48-50-F6-61-A6-97
57.212.104.161,94-FF-FA-DC-FA-8B
137.150.91.156,8B-C4-12-94-B5-2A
101.19.215.174,5E-DA-5C-E0-54-2E
155.128.60.178,94-32-E3-93-C3-60
132.61.201.39,CA-83-FA-88-B5-FA
235.93.92.231,C6-B3-A9-F1-4E-13
1.255.151.24,2C-3A-71-22-12-93
176.97.95.22,6D-2B-47-B5-C3-27
215.96.193.159,09-98-19-7D-65-89
39.125.91.50,E6-3B-27-92-26-79
41.215.157.137,CC-56-BD-7A-38-BA
166.102.161.92,AA-98-12-E9-5C-92
53.228.249.220,85-BB-34-47-A4-A6
151.210.161.128,95-51-1C-56-34-4E
5.216.121.182,01-FE-B2-52-5E-86
17.234.199.179,E5-66-14-A1-14-6D
249.108.5.194,01-45-FA-14-F8-1C
246.93.185.93,DF-57-69-48-11-04
115.202.123.207,6F-E4-76-E5-7A-90
3.23.227.64,88-87-9F-E4-BF-C2
75.252.164.97,4C-18-30-CF-9A-FD
117.151.205.111,38-23-77-64-F1-97
93.180.206.40,39-62-A0-70-28-BD
88.54.94.205,B8-0F-E8-49-65-4E
58.38.71.208,D3-D2-AE-4A-42-3C
165.112.65.193,45-95-DE-90-BA-87
211.163.183.73,84-42-2D-7F-CA-9E
247.136.31.8,FB-25-C2-35-9F-DA
134.92.193.156,54-9E-D1-0C-46-F9
230.43.61.35,89-1F-5C-86-58-58
163.203.110.60,DF-DE-5E-31-9B-CF
80.124.168.123,8F-09-2B-D6-47-4C
150.16.181.201,46-EB-C0-11-AE-86
101.115.67.40,32-9C-3A-56-F7-20
63.235.200.195,CE-F4-BF-8B-D0-C8
110.243.117.61,D7-89-95-09-36-46
142.216.64.151,F9-A5-85-AA-6A-94
234.59.92.212,FA-95-69-47-E4-B2
52.12.7.156,0D-07-E3-32-89-1A
133.115.76.252,9C-B6-31-61-DA-52
66.215.58.152,0E-3C-02-BA-F8-1E
47.156.215.20,06-C2-B7-B2-BE-AC
42.66.26.83,D6-D8-18-4A-10-2F
237.1.148.37,BA-59-63-AE-B4-52
34.151.98.104,93-BB-54-EF-B3-85
204.153.202.1,2D-CB-16-2B-C6-6F
40.142.177.182,06-55-3E-CD-E9-39
131.245.77.167,AA-64-A4-A9-6E-6F
46.221.197.40,78-15-FC-9E-0D-2C
205.69.220.40,AF-B6-3A-09-D7-1C
203.156.108.232,49-23-31-10-31-C5
125.62.157.137,44-C3-20-C3-0E-19
103.87.117.3,88-6A-B1-60-08-93
162.71.155.105,3C-4C-ED-8F-F4-8B
80.201.164.8,F4-70-94-04-2D-90
4.184.47.21,8A-9C-00-9E-C7-59
201.5.130.241,7F-C0-82-0A-45-6C
159.152.186.8,78-EE-05-E7-83-B1
156.210.145.100,BB-F7-45-DE-EB-95
112.233.105.112,DC-F3-43-10-D5-23
172.66.123.18,0E-8D-EB-76-CF-8A
85.62.183.222,6B-64-95-6D-43-BB
100.199.116.13,73-8D-B3-F6-06-38
125.86.33.0,64-66-1C-D3-2E-52
91.225.172.71,97-A9-94-5C-18-6C
28.181.219.37,D0-F0-32-88-A1-91
21.106.58.15,10-14-E9-22-07-5D
177.1.197.64,64-1C-14-51-1E-1B
59.194.14.217,84-F9-D6-11-30-8C
152.55.49.52,4F-4D-35-87-85-73
188.23.202.163,38-E4-E3-44-41-5F
89.162.91.241,6E-2E-F4-B8-18-18
82.69.32.137,40-BB-9C-BE-2B-D0
132.110.118.115,33-61-B2-D8-78-54
111.205.48.57,DD-DB-B3-AE-B1-C2
48.162.156.85,8D-64-EE-11-A1-4D
106.167.211.183,BC-04-7A-9D-65-4C
94.81.183.146,69-F4-93-38-E6-5A
127.65.158.21,02-3C-7C-C0-D9-E9
103.247.103.119,69-CD-26-1E-A6-B3
111.251.23.43,22-E9-48-AC-C1-43
104.46.28.145,55-C1-54-3F-FE-3D
27.59.34.1,A4-13-E3-7B-CE-67
89.11.17.116,BF-80-0E-F3-29-A6
85.223.242.165,63-F1-16-B2-D3-2A
206.41.61.28,2C-5E-54-04-0C-31
5.203.47.11,C9-6F-B8-5F-87-B7
114.159.98.17,C9-D1-85-BD-FD-FA
66.234.220.193,59-2E-E9-D9-BC-CB
76.87.163.4,32-82-11-12-1F-90
186.41.77.107,AD-5A-DA-94-79-AC
16.73.84.11,6A-9B-63-A3-CE-68
230.16.195.89,A1-DA-4C-08-B0-F7
92.168.237.4,CD-07-1B-32-1B-D4
14.217.217.178,AB-63-83-98-DE-D2
244.50.63.191,5B-CE-23-36-51-CC
178.30.247.104,FA-6A-E7-CF-3C-68
28.80.55.61,5D-F3-B2-B8-EB-B1
24.79.85.162,BE-B8-9F-11-A9-A5
5.35.5.166,88-91-CB-4F-F6-EA
137.97.53.27,76-E0-B0-62-DE-79
232.97.211.44,79-72-C7-CE-DA-ED
147.178.70.95,5C-0E-C6-16-DB-65
97.251.223.20,C0-D1-28-43-76-28
5.229.72.0,D9-F6-79-57-63-8C
156.179.6.2,0C-5A-45-49-C2-34
182.198.173.49,E3-F5-23-FA-0C-5D
47.137.174.233,95-FB-31-C1-02-F2
92.213.36.223,A9-82-59-90-EF-D0
93.81.175.14,48-B9-83-DE-7D-D5
71.227.244.17,BE-27-EC-5B-EE-04
235.15.190.130,2B-F6-86-25-57-A8
209.101.97.1,B4-75-74-51-6E-D5
106.112.237.155,62-92-20-D7-17-A1
177.120.66.199,93-A3-8A-3B-EC-20
211.8.61.41,2F-B0-A7-AC-95-70
17.178.113.159,24-68-BF-DB-4C-E1
133.113.66.149,94-02-7C-CF-51-91
220.216.247.172,3F-F4-97-FA-96-5D
11.172.219.86,62-AB-13-1D-E9-B5
90.55.66.49,F9-A2-35-65-88-03
128.243.222.162,10-A8-B4-81-83-CA
73.147.118.213,1F-E9-1F-27-EC-FE
158.210.66.55,9B-9F-1D-AA-1A-D9
155.212.166.238,7D-E7-B4-D2-66-05
210.130.127.195,36-F7-9C-BB-13-37
203.228.178.117,A8-13-5D-CE-8C-12
204.95.213.105,CC-66-D9-D2-77-24
124.167.31.232,BB-2D-EE-8A-67-C1
156.4.182.188,51-F7-14-E0-0A-9B
93.54.205.205,8E-B7-7B-06-11-34
64.43.246.184,FA-1F-D4-C8-FE-52
166.16.146.5,AC-E3-E8-49-C9-BD
120.79.236.59,A2-3D-BE-95-2A-C4
127.180.1.45,93-3A-6F-DC-41-05
154.245.59.25,1A-43-85-19-A7-C3
134.40.119.179,25-DA-1C-9D-AC-26
192.119.39.237,6D-D0-80-BD-46-5B
158.15.88.14,7E-F4-0B-EC-AB-5D
37.105.224.66,74-7C-D3-B4-64-D6
202.105.221.67,34-E0-30-39-72-AF
200.161.222.62,20-4D-12-CE-37-95
221.6.104.32,B0-9B-DE-0D-82-5A
74.61.33.135,35-C5-A5-74-7B-02
192.207.2.91,A7-2C-14-7E-FF-8C
97.158.160.67,A9-E8-D1-AE-B8-AF
29.80.132.199,39-FD-86-17-7C-BF
106.229.40.238,B3-86-80-DA-3A-64
253.181.46.65,91-E7-7B-58-60-3F
33.155.17.57,25-E4-5E-3A-2F-EF
92.99.90.176,20-70-F6-FD-1D-6B
200.26.36.134,E1-70-6B-48-AF-7A
203.134.183.187,7D-93-BB-7B-BD-0C
32.179.130.19,AE-34-A6-BE-DD-43
157.238.192.118,AF-BD-89-33-B8-51
128.247.4.57,0A-02-D6-6C-A4-3D
73.152.166.15,F2-11-03-0B-F3-CC
87.87.49.215,40-0B-B9-9D-EB-BB
231.84.73.232,85-52-66-4F-59-48
77.216.165.38,BF-0D-CB-1E-17-78
237.63.58.103,43-CE-A9-08-FF-D0
26.218.231.55,76-84-45-B1-3B-E8
134.52.30.45,2E-20-64-31-09-09
90.77.139.191,10-99-07-F8-D9-56
180.195.246.107,78-84-EE-C5-6E-01
21.183.1.102,2A-57-E6-57-D8-6D
94.187.62.206,5E-20-C4-C7-5B-A2
98.203.166.153,67-D0-69-B6-D9-9F
174.212.233.161,F1-BB-C3-9D-FD-4A
251.46.192.127,8B-E5-E0-1B-C4-03
197.36.230.220,C5-38-5C-90-B8-B8
39.33.144.229,23-80-2D-CF-F7-48
210.167.120.229,4C-DC-05-2B-88-D0
68.178.135.169,3E-D7-8E-D8-43-BE
233.185.27.48,D0-C8-9B-04-32-68
57.131.9.253,8C-CE-71-ED-02-AC
114.207.35.122,3F-E6-09-D2-90-85
76.83.250.38,A3-D9-C8-E3-93-BB
245.120.144.130,51-4F-42-14-0C-64
45.59.88.253,E9-65-E4-CB-21-BC
19.133.1.120,5F-52-DC-2A-EF-07
101.210.90.50,6C-EC-56-67-3D-9F
28.176.101.154,BA-56-76-C4-21-EB
109.129.57.253,F4-CE-C3-9A-4A-7C
204.187.254.106,82-C6-C4-2A-13-20
187.51.125.157,95-59-62-B6-B9-4F
127.105.252.19,A9-D3-DF-75-94-FC
193.130.35.3,42-68-63-83-C6-B9
14.29.247.107,5F-07-BC-CC-24-90
233.79.37.210,E1-84-69-22-D4-82
155.187.121.208,1A-86-48-F9-37-21
197.145.173.56,0F-6B-CF-3E-AC-70
15.144.43.122,8F-D4-C7-20-21-99
155.169.182.58,4B-44-31-71-22-40
213.214.112.124,16-B3-90-32-93-93
3.195.21.73,73-8F-EB-A0-BE-A8
237.98.184.219,89-40-15-AB-1B-C7
206.33.203.97,50-F8-2E-5E-AA-A2
144.63.14.219,CD-45-C1-CB-7A-73
143.67.1.177,11-76-6F-4F-AC-EE
235.1.139.108,07-FA-44-E3-1A-C3
87.32.232.26,6D-2C-DB-AF-F4-C6
215.128.212.155,34-BC-90-74-49-8E
106.1.101.4,EB-5B-C6-B6-5B-7F
21.42.188.245,AE-DB-7B-7D-53-33
173.242.235.243,76-2E-4A-09-DC-49
231.156.33.225,5B-7E-D0-FE-7D-93
128.111.71.205,41-66-B7-A4-11-8F
132.250.22.88,0E-FF-87-88-D1-56
205.210.78.71,1D-34-F3-AA-25-13
62.113.62.180,A1-F7-03-1D-BA-19
22.245.62.79,B7-D8-4C-1A-0F-DD
28.241.17.186,15-06-2A-34-62-1C
102.219.67.60,E6-17-24-1A-F3-C6
191.214.37.202,28-FF-12-99-11-E2
176.116.215.106,BC-FC-C8-19-97-E5
102.241.219.131,AA-90-10-78-00-79
140.179.50.228,B5-32-DB-8D-CF-AE
200.162.173.133,BD-FA-67-CF-E2-51
62.156.5.18,9B-C9-78-98-B7-64
161.86.172.156,AA-49-27-23-DB-D9
155.22.35.207,0C-AE-4E-C6-89-D3
20.12.243.254,2A-2D-1E-0C-A3-12
194.29.129.44,AA-1A-83-A9-7C-B3
